words,coefficient
able,-0.4940538866228152
absolute,-0.03861116454913127
absolutely,0.11301760687674428
accept,-0.4570399364638161
accepted,-0.07357088396945545
accident,-0.3014748056828666
account,-0.28142387758501836
act,-0.27966686365343435
acting,-0.19726227822671324
acts,-0.20933060382895738
actual,-0.3464945276612071
actually,-0.8262771219447971
add,-0.16176228535971457
admit,0.07744186238489344
adult,0.04479836450110325
advice,0.03011356779972453
afford,-0.32323673779112555
afraid,-0.332758990051707
age,-0.5314927228534398
aggressive,-0.27331523566368626
ago,0.03545101877635961
agree,0.22625098989709486
agreed,-0.11431715720904687
ahead,0.2579323861639416
air,0.24529664497883732
alive,-0.1523744809566815
allowed,-0.17384816218066299
amazing,1.0901465908524182
amazon,0.35770924857756153
amp,-0.4064689504085149
anger,-1.2809677304544207
angry,-2.6295579418632804
anime,-0.2716129139406728
annoyed,-0.3533890544837466
annoying,-0.6957499495583302
answer,-0.3896156268810631
answered,-0.07502681064857714
answering,-0.10418253134847551
answers,-0.3525046073630983
anxiety,0.08562395613364464
anybody,-0.10998496839787396
anymore,-1.0014692313594429
anyways,-0.020699555996346507
apart,-0.45606198337612125
apartment,-0.24618627390188041
apparently,-0.17762942742452772
appreciate,0.21584724916568343
aren,-0.314748392161705
argue,-0.05360427282417281
argument,-0.2921159244733404
art,-0.2624965299128408
ask,-0.13729017496082938
asked,-0.5904230167872208
asking,-0.05647615614339029
asks,-0.14244517326100195
ass,-0.7564616716752398
asshole,-0.39813946930276134
assholes,-0.2041213657525151
attend,0.17097734354345195
attention,-0.0452042271620894
attitude,-0.12404669748729873
audacity,-0.049475674968241505
aunt,-0.2710674598655495
available,0.13267591122113387
aware,-0.07460449377432055
away,-1.045348121309385
awesome,1.6572100185027634
awful,-0.2506398809365681
babies,0.3187658334598327
baby,0.1797536843593653
background,-0.12028082391111772
bad,-0.5755950099052656
badass,0.2898203624123207
badly,-0.06180007890561476
bag,-0.41127970605239067
band,0.07473577367802064
bank,-0.11640572802994067
bar,0.04350734199322503
barely,-0.33701362378723815
based,0.045914764108939125
basic,-0.11820043463390488
basically,-0.2921175653167647
basis,0.001071578140548608
bathroom,-0.3614956370053943
bc,-0.4056891186889807
beat,-0.22935284628188166
beautiful,1.1548616947614674
bed,-0.8285875857658385
began,-0.006009380087768528
begin,0.030498102782321332
behavior,0.07520165451978389
believe,-0.02661893036723845
best,0.8502464967097438
bet,-0.0045015388759185905
better,-0.13104456329879183
bf,-0.043360616289897194
big,-0.7265192375052825
bigger,-0.02972461359463016
bike,-0.07721969566532497
bills,-0.290142768402163
birthday,-0.5598495226838355
bit,-0.2641057152490505
bitch,-1.1016366701065348
black,-0.07607543028131682
blame,-0.15825658032004206
blaming,-0.1933486833241686
block,-0.15690822631174525
blood,-0.1821080342885701
blue,-0.14902453876284186
body,-0.5518227531041888
boring,-0.17528653240248662
boss,-0.23684072096473405
bother,-0.06315733991534925
bothered,-0.13258068705013795
bought,-0.30077798828477825
boy,-0.3657102927603362
boyfriend,-0.7543214479103549
brain,-0.07357409483140677
break,-0.5349354545835187
breath,-0.18440021802757434
bring,-0.22453485231730852
broke,-0.18322681439093405
broken,-0.011279577308293761
brother,-0.6060709006877908
brothers,-0.12206607328195422
brought,0.07119457276197595
bullshit,-0.47663150046343566
bunch,-0.35277623868839186
burn,-0.1562462773693823
bus,-0.31143809770483943
business,-0.3143236667421703
buy,-0.19004034674269807
buying,0.06863740890136852
called,-0.5585855252481812
calling,-0.10847658130629635
calls,-0.37030137337410934
calm,-0.4177079186210128
came,0.102951430675949
cancer,-0.27203407341197466
candy,-0.15522603605657231
car,0.9969202511376195
card,0.10844870145301715
cards,-0.0524491089200126
care,-0.8144538818034389
cared,-0.03991433759045192
career,-0.11554553169478725
cares,-0.013002661564284722
carry,-0.0013984826203403988
cars,0.5255445804715279
case,-0.4490181521049269
cat,-0.21560451107029588
cause,-0.5135405379423257
causes,-0.2237181374379287
certain,-0.3816301983873632
chair,0.02581662468097529
chance,-0.010613952995952717
change,0.43427625630573363
changed,0.11360180261988112
changes,0.2812496770919402
cheating,-0.2476706592333418
check,-0.06520615686324281
chest,-0.060795027520770345
chicken,-0.5236070636648209
child,-0.5843370436116746
childhood,-0.08488824956289778
childish,-0.12168897965533762
children,-0.2593671374866805
chinese,0.05770843408827516
choice,0.04918161390920901
choices,-0.10644486017928521
chores,-0.03928536132453152
chose,-0.08904063058407904
christ,-0.42407171107583885
claim,-0.1466149105618024
class,-0.5703684055500937
classes,-0.22781607702948609
clean,-0.025167569988719402
cleaned,-0.2401423810172071
cleaning,-0.222361816078842
clear,-0.16090054217217234
clearly,-0.3444393979622684
close,-0.3739518133356754
closer,0.19147452094140557
clothes,-0.17586166558072183
coffee,-0.49592592355655973
cold,0.09591811463240404
college,-0.10685280465731382
com,0.4017529266145911
come,-0.4908397627769212
comes,-0.4981888431085345
comfortable,0.027501774961559214
coming,-0.5005276734704874
comment,-0.3087786667283906
comments,0.04727039796865221
community,0.2120523987841332
companies,-0.12185636096541475
company,-0.32307509399958834
complain,-0.09415207070821698
complaining,-0.12361155223941045
complete,-0.18675060546016356
completely,-0.2952557939187242
computer,-0.2283757071405822
confidence,0.2424332337747874
congrats,2.0167439129155746
congratulations,2.406704258033773
conscious,-0.16775275113049826
consider,-0.0069830469466418115
considered,-0.17284593159027156
constant,-0.04289461370836605
constantly,-0.478628506529708
context,-0.24411493085489663
continue,0.28986668391850123
control,-0.1857803688212924
conversation,0.07397099544765115
convince,-0.12776804921408308
cool,0.6582985839910702
cop,0.4953063350858208
cost,-0.038162373211104585
couldn,0.21265762797022936
count,0.0057608165040440714
country,-0.7057651787495738
couple,-0.16213495505114853
course,0.2115980738584787
cousin,-0.22780220002984242
cover,0.005905454282699646
coworker,-0.20643471500867738
crap,-0.31755189882921847
crappy,-0.2640610239716858
crazy,-0.10986276198465275
credit,-0.1859332394020087
cried,-0.0879628108841925
cruel,-0.06334264504258459
crush,-0.05386943237510983
crybaby,-0.05561748113502711
crying,-0.4245929880719991
culture,-0.07204529467816818
currently,-0.5070767207638412
custom,-0.11185472810468969
customer,-0.3996864105244429
customers,-0.21737970641927615
cut,-0.4918186297236512
cute,0.8766775435291526
cutting,-0.2242264522938094
cuz,-0.11051543511466382
dad,-0.3638058264815561
daily,-0.13545888188485533
dammit,-0.09668560392045415
damn,-0.6012672158570581
dare,-0.37014593425270503
dark,-0.07892154964304349
date,-0.0922480769968139
dated,-0.13280295693115915
dating,-0.30550406889911513
daughter,-0.5266460920292624
day,-0.5197114389149262
days,-0.5550362708502136
dead,-0.45710615484093886
deal,0.1648758283874141
dealing,-0.20207160435487947
death,-0.18018461084621912
decent,-0.27268820292983653
decide,-0.04774204519098773
decided,-0.38797024319394774
decides,-0.15833209206239013
decision,-0.0228417890339986
deep,0.15920300432907078
definitely,0.49712435209158296
department,0.027887412811316
depressed,-0.23140213630114553
depression,0.347174366800721
deserve,-0.1854722601827905
deserves,0.04991004947405639
despite,-0.2553031545419552
dick,-0.7375342713100322
did,-0.6007006853412362
didn,-1.0540701342972814
didnt,-0.3968187515162732
die,-0.6623829768916664
died,-0.29525083707516353
difference,0.4513574379022538
different,0.10078903648019026
differently,-0.1674169891805922
difficult,-0.05778015246109594
directly,-0.13262222502898152
discord,-0.2293086116632133
disease,-0.3093623398810681
disgusting,-0.5187945468519567
dishes,-0.07053839626522113
disrespectful,-0.18168564501736006
divorce,0.25334058807099785
doctor,0.057291052359092785
does,-0.45934383754603875
doesn,-0.7176450317855458
doesnt,-0.24512582951393794
dog,0.3511536319153382
dogs,0.14884414774132332
doing,-0.037508203592961246
don,-1.1451821191611913
dont,-1.1045319101301927
door,0.00826344642308156
doors,0.219486799016703
double,0.007476632716847326
doubt,-0.046919151026592436
downstairs,-0.18544183798944414
dream,0.13763155185192782
drink,-0.1326680139981888
drinking,-0.05861387752926746
drive,-0.07600926027955125
driver,-0.08498227562837901
driving,-0.2869055182115126
drop,-0.7780931581164009
dropped,0.04595422554354833
drunk,-0.18478728081563314
dude,0.13014151334384175
dumb,-0.3512649068192839
dumbass,-0.3502109923715517
dying,-0.052280759038414226
earlier,-0.10252675693530086
early,-0.14586802510529603
earned,0.2267049927612334
earth,0.013549153891131071
easier,0.23848437568693767
easily,-0.28242150876432864
easy,0.1429743112575227
eat,-0.6678934546702241
eating,-0.3083718254895214
economy,0.42442933622082385
edge,-0.10046477230617569
education,-0.24119377605687872
effort,0.06870568751347128
electrician,0.6339436720279596
em,-0.011423932279224247
emotional,-0.13518760016987255
emotions,-0.3078245687692506
end,0.25310589835469105
ended,-0.27537799994358314
endgame,-0.4236124711343668
ends,-0.09631441913892087
english,-0.39439145407684595
enjoy,0.2253745281088932
enjoyed,0.27125315959505203
enjoying,-0.32428961517650634
entire,-0.08414769606390332
entirely,-0.05249724374422853
entitled,-0.5407290941895644
environment,-0.14026428427881144
equal,-0.1512519684880156
especially,-0.36081011773460797
eventually,0.0008308637865638177
everybody,-0.5364384191313972
everyday,-0.24780130417639226
everytime,0.002478102530816258
evil,-0.29657648157446115
ex,-0.49366134536727285
exactly,0.32710590860517685
example,-0.10015998209512468
exams,-0.19898945885583397
excited,-0.12333936193514165
excuse,-0.149610894222178
exhausted,-0.11374951860127651
exist,-0.656058449000791
expect,-0.301710111952828
expected,-0.2089079096679261
expects,-0.19949672945286462
expensive,-0.12593503839165046
experience,-0.06619798871358645
explain,-0.16103696255204805
explained,-0.15286405674834433
extra,-0.26100494974192257
extremely,0.043535902822702977
eye,0.21303171652496686
eyes,-0.04336849514739945
face,-0.5076591915351183
facebook,-0.13880832555070205
fact,-0.3332017882162704
fail,-0.4186200987233302
fair,-0.2922352126672331
fall,-0.5008711299051223
false,0.16205410637953477
family,-0.4429227981021374
fan,-0.10142703439866833
far,0.1648593795807219
fast,-0.06886426003423864
fat,-0.30388345542660633
father,-0.25424921522666244
fault,-0.3963000742112837
favor,-0.2317895581899742
fb,-0.38739850364671385
feed,0.022516297873886062
feel,-0.4916672160888417
feeling,0.3622892530152997
feelings,-0.6048619483267725
feels,0.10592536100771958
feet,0.051379188682026386
felt,0.03481713554738262
female,-0.44616822739385903
fight,-0.43306847338361404
fighting,-0.001354019771332607
figure,-0.14412626439914233
filled,-0.2730697647303827
final,0.07862455502577269
finally,0.08305732066911449
fine,-0.16116577721688513
finished,0.17679776535695846
fired,-0.14030471010860232
fit,-0.056192189581010514
fix,0.04682557051313539
floor,-0.19636748545015104
focus,-0.13741663421460065
follow,-0.07373457128687791
food,-0.4551365411940006
foot,0.24000421280171713
force,-0.14039948334338087
forced,0.058530385847803644
forever,0.12288085140577942
forget,0.14932573272085847
forgive,-0.23169059735825265
forward,0.05334028567708232
freakin,-0.33332447207220184
freaking,-0.31780727056854113
free,-0.17901955115608906
fresh,0.07558516777325382
friday,0.06383946213532367
friend,-0.3502714119887649
friends,-1.113086952369807
friendship,-0.13733457306823024
fries,-0.2068850233952043
frustrated,-0.22634605475899472
fuck,-3.310605814070064
fucked,-0.20448974508427067
fucker,-0.49884928762466824
fuckin,-0.6183463306499686
fucking,-3.526763019010391
fucks,-0.5022542296979363
fun,0.39006464336333435
funny,-0.12604649307882865
furious,-0.13191590637143635
future,0.4114785404880633
game,-1.43956380585696
games,-0.6400397795277288
garbage,-0.6300692783989394
gas,-0.29166538975160217
gave,-0.5791370220438025
gender,-0.07508763544880594
general,0.21031620684450003
genuinely,0.15406976063767613
gets,-0.5295346493958333
getting,-0.6333487231278728
gf,-0.27236591910824653
girl,0.11266971622817269
girlfriend,-0.18506901768516903
girls,-0.5173336229100464
given,-0.21863695593624347
gives,-0.08617710537519947
giving,-0.1762801266109849
glad,0.9143812005233524
god,-0.5869204821913925
goddamn,-0.5808991552308095
goes,-0.28276461678718073
going,-0.3172735690372872
gone,-0.07632651735421778
gonna,-0.16969551504678665
good,1.5935117883824423
google,0.10996825953959204
got,-0.1515636533140834
gotta,-0.4403176749243445
gotten,-0.36100987462235934
grade,-0.06899626557142853
grades,-0.18104418957294927
grandma,-0.0784805501106531
great,1.220071306960431
grew,0.24881124097360072
grocery,0.02767357284115151
gross,0.015390839403093779
ground,-0.3840611578325085
group,-0.14739238530252877
groups,-0.09361469930785224
grow,-0.13944421867116824
gt,-0.550309775499525
guess,-0.39878128570581206
guy,-1.1094924898059344
guys,-0.024299764043642962
habits,0.04574208902641257
haha,1.289762725684474
hair,0.13848575155419282
half,-0.29651438191577767
hand,-0.03856212530755272
handle,-0.21052982280405014
hands,-0.0461284880971143
hang,-0.3111053488531023
happen,0.12856399852725833
happened,-0.08606428957647602
happening,-0.23549827097954534
happens,0.24581402505059446
happiness,0.5961863298168962
happy,2.2877467290739575
hard,0.08624063458040672
harder,0.04959586830896933
hasn,-0.19931212326302755
hate,-2.462121394651458
hated,-0.22018966563241402
haven,-0.023748234903216727
having,-0.195699310786379
head,-0.8779726772938355
heads,-0.21205563457114854
health,-0.10298340519894046
healthy,-0.08438407978552062
hear,0.04855257340504781
heard,-0.29638521156915765
heart,0.37427891386511924
heat,-0.18890509723191107
hell,-0.5329775983147422
hello,0.22308042565255048
help,0.13933803458778155
helped,0.21462423717172002
helping,-0.301214497861735
hey,0.34838252667840824
high,-0.22819640778242561
hit,-0.4447575144055337
hobby,-0.11965011306959118
hold,-0.08441146181889644
holding,0.006857415427987044
hole,-0.19400605587014205
holy,0.06336990123363635
home,-0.7446288886088095
homeless,-0.32420357225640356
homework,-0.397352227923387
honest,0.13070254980926369
honestly,-0.4081900606845687
hope,0.2371959941849052
horrible,-0.30040066978145424
hospital,-0.08603497200617197
hot,-0.5135374019894224
hour,-0.5651947505511784
hours,-0.36753080870115074
house,-0.2692861149609624
https,-0.3463449863774996
huge,0.016247479327107593
hugs,0.5713759332306994
human,-0.2297756560167998
hurt,-0.703567557834134
hurts,-0.4401999101600824
husband,-0.034352671646320186
ibew,0.3891721549054758
idea,-0.22928137842219426
idiot,-0.6064270289922611
idk,0.3909462522841164
ignore,-0.13952860807396386
ignored,-0.19994606695987643
ill,-0.06278410984130257
im,-1.48325696803591
image,0.28414373867074666
imagine,0.03455558901736091
immature,0.043603003517086875
immediately,0.029054209044689937
important,0.045633948206200044
improve,0.1407596989407809
incident,-0.19366930330801208
including,-0.05827057549925866
income,-0.1329354088926149
incredible,0.423805352074636
information,-0.20561457724168064
innocent,-0.140857863424231
inside,0.058805119072468846
instagram,-0.19233079656170413
instantly,-0.3836437794255887
instead,-0.7414953640598319
insurance,-0.03498498014318292
interested,0.04389505030510837
internet,-0.11995761099920181
introduced,-0.20422199597906318
irrelevant,-0.20855643257816686
isn,-0.3349542257322939
issue,-0.27153598765829495
issues,-0.1193864978940078
ive,-0.09322007258940425
jail,-0.2468600722817308
jealous,-0.010691239270036523
jesus,-0.6528079386956924
job,-0.00492419570416416
jobs,-0.1653003530030912
joke,-0.3236660538731967
journey,0.44278095029101827
journeyman,0.8325174798869747
just,-2.545966126500772
karma,-0.2963271611989528
keeping,0.042052544546156645
keeps,-0.018035443382486693
kept,-0.18514394047029004
kick,-0.08085468755781404
kid,-0.507272116321978
kids,0.4959773535379647
kill,-0.9855055037199419
killed,0.03965946319244269
kind,0.1010061373062046
kinda,0.06112313031214914
knew,0.08436458676369112
know,-1.2612574158604768
knowing,-0.1850875597657385
known,-0.24640611040666077
knows,-0.01951271668547782
lack,-0.05133418326296212
lady,-0.12653906714391042
language,-0.3494552080408584
laptop,-0.26772366201009923
large,-0.369644004798332
late,-0.5278816205718019
later,-0.08216270058750631
laugh,-0.24723296967014805
laughing,-0.23545043509531835
law,-0.2505291982234777
lawn,0.038029891810178816
lazy,-0.18779833312693103
learn,-0.03885524252029282
learned,-0.07391150006648348
learning,0.16487792352133127
leave,-0.43095452560440645
leaves,-0.03449262533436193
leaving,-0.28260713893593203
left,-0.9693024356302196
legal,-0.2565727214773616
let,-0.35661019779667186
letting,-0.6995755956599561
level,0.02255412045431195
license,0.3104325607866759
lie,-0.09808331081700124
life,-0.4095434657694882
light,0.23785749931793693
lights,-0.14486518110668256
like,-1.0587173419560345
liked,-0.3931129260819612
likes,-0.24056038890378284
line,-0.008661627399628042
listen,-0.18833402548031222
listening,0.07238685138213719
literally,-0.5780755220076463
little,-0.11173372687895597
live,-0.6806976165629022
lives,-0.34265820014061377
living,-0.5747268443943259
ll,-0.159162294796831
lobster,-0.29609882570057466
local,0.33318314462967513
lol,0.4094892838550694
lonely,0.07802643632047308
long,0.1271429036808545
longer,-0.264099173880988
look,0.7352498800134981
looked,-0.15477943905747205
looking,0.03441128157071743
looks,0.2222357878663717
loose,-0.500922267864374
lose,-0.4686334323793878
losing,-0.35606775887945535
lost,-0.6586575043732464
lot,-0.22661571737702646
loud,-0.2928943197643274
love,0.19320229883497553
loved,0.12098781806437735
loves,-0.07200435001701898
low,-0.07498595849769828
lt,0.29461785393740947
luck,0.635478127819437
lucky,0.2271337288671047
lunch,-0.13019931378910254
mad,-1.075535109551378
main,-0.021435617971453068
major,-0.13169073207754275
make,-0.6740878161685336
makes,-1.0479401075167027
making,-0.4782791769956257
male,0.021313003257597725
mall,-0.07538144688721668
man,0.12799122370273638
manage,0.1715285892425638
managed,0.08800774945789566
management,-0.048174387285590974
manager,-0.40185150313255175
married,0.09130166223799889
match,0.2677377930456765
math,-0.19114777462316365
matter,-0.2248268000403502
maybe,-0.23729845074913364
mean,-0.13360610808375176
means,0.5432843722611942
meant,0.04958423859904845
media,-0.1488986310358243
meet,0.1499554408107178
meme,-0.03812259039963312
men,-0.48859096985178657
mental,-0.18414266245303565
mentally,-0.28444147233692724
mentioned,-0.2212339479530947
mess,-0.11717637173592756
message,0.3773667808825739
messed,-0.17665060106173688
met,-0.1436996638939038
middle,-0.4288005046335022
miles,0.36649137897909073
mind,-0.3407022721158858
minimum,-0.021084048023684274
minute,-0.4702595792501692
minutes,-0.9802023743769144
miss,-0.09957294734923622
missing,-0.1767901431014219
mistake,-0.27789922107878734
mistakes,-0.21068108538861025
mode,0.09357946703865755
mom,-1.1387213538484953
moment,-0.22732959838056696
monday,-0.20307577364766438
money,-1.1951517673847738
monsters,-0.2219164437464782
month,-0.13341974623034902
months,-0.20689930446910024
mood,-0.16404268682751527
morning,0.03133345258849174
mother,-0.6021839957511222
mouth,-0.11187671321883293
moved,-0.22754047937732613
movie,-0.13812516591689333
movies,-0.3984586725305965
moving,0.4695148395072117
music,-0.25919278765071263
nd,0.2308408554655336
nearly,-0.013656908257956285
need,-0.4273761581200447
needed,0.08088789212442143
needs,-0.37856367341767483
negative,-0.04795921444791886
neighbor,-0.0379748237381693
neighbors,-0.09379144372642077
nerve,-0.07005358706397075
new,-0.36430926179213563
news,-0.06502790581009975
nice,0.8780618768418867
night,-0.2995549601922154
nights,-0.43686824880927333
noise,-0.31041078585129084
non,-0.49968319076633055
nope,-0.4042848460635313
normal,-0.14627441877551414
nose,-0.20123017440079455
note,-0.24137520255308162
notes,-0.08637477587806677
notice,-0.155785749939053
number,-0.6316730345978028
obvious,-0.056543019572813324
obviously,-0.14482874058087
offended,-0.09712480694676627
offer,0.11758842800461733
offered,-0.12012343235971802
office,-0.7085633692288991
oh,0.08571712341468778
ok,-0.6260892862936331
okay,-0.10215092375590487
old,-0.7901088533088765
older,-0.1551251105630505
omg,0.42197895834273885
ones,-0.11615806543810843
online,-0.41324793877997673
op,0.9079498034399222
open,-0.2725729398173278
opinion,-0.5511202446972747
opinions,-0.1462854884914965
option,-0.07214658768228488
order,-0.10755931303773579
outside,-0.2962591856906962
paid,-0.272544792725962
pain,-0.13637067183617035
paint,0.4521830007238809
paper,-0.38767234044035354
parent,0.08822438577750619
parents,-0.6036237728474849
park,-0.2587186797585259
parking,-0.32364343720246824
pass,0.029541854917649935
passed,0.21696024209916434
past,-0.3335191813597227
path,0.4236877430776477
patience,-0.008375591159592709
pay,-0.4369717921156972
paying,-0.16978787442980622
peace,-0.12422044789191124
people,-2.3015280703211665
perfect,0.31624754074218747
perfectly,-0.1701343249445698
period,-0.3204632870702185
person,-0.9052754594561304
personal,-0.10216342407387459
personally,-0.08794621895262254
pet,-0.06764785291683241
petty,-0.20224991717700744
phone,-0.5369596825471146
physical,-0.29286315753308856
pick,0.008890866017693053
picked,-0.1370069017676434
picking,-0.08001214087361094
picture,0.33840547638899093
piece,-0.5143372300790264
pieces,-0.12420004063192569
piss,-0.4608895895612573
pissed,-1.2819416869032894
pisses,-0.3413929767081541
pissing,-0.3230564700420358
place,-0.07230928053102338
plan,-0.25219014007004964
plans,-0.2427399833613415
play,-0.4508388911941404
played,-0.036409320037726234
players,-0.09808955051053855
playing,-0.7704983741169925
plus,-0.075851902376741
pm,-0.2215382415036022
point,-0.5394249614000007
points,-0.030285388233364352
police,0.631805523427096
poor,-0.08407450154131647
popular,-0.1441871516726349
position,-0.1016112960365364
positive,0.3367081472211775
possible,0.06226990679724441
possibly,0.0896906511550934
post,-0.47581140321781157
posted,0.3401085326147126
posting,0.1827605226166906
posts,-0.2197081052219169
power,0.37809015732789647
practically,-0.13157803922041025
practice,0.016625756472193762
precious,0.27354695186927397
pressure,-0.22559328907308282
pretty,-0.02819839757268936
pride,-0.05936002815562507
privilege,-0.2599466740968771
probably,-0.34469881924739937
problem,-0.474159639289744
problems,-0.7107418029392444
proceeded,-0.12023303503965853
process,-0.3148926034366091
products,-0.023315383303296723
profile,-0.10735396478906027
program,-0.04904565157641414
properly,-0.12698757829687074
proud,1.6934098291680346
public,-0.27892820184182854
pull,-0.15798152605084012
pulling,-0.05499660166311055
punch,-0.24341102404032708
punched,-0.25984561050411364
punching,-0.13850070448972235
punish,-0.08280122025814887
puppy,-0.12039103212495258
purpose,-0.20754870982621174
pushed,-0.047477535824450676
pushing,0.014503443917912596
puts,-0.20098985380818413
putting,-0.09174234157782078
question,0.1296607638828132
questions,-0.34990619904583
quiet,-0.2337113478267078
quit,0.18114390574562728
quite,-0.15179965730069664
rage,-0.3980440591008177
raise,0.03027801197778759
raised,-0.03254302198706145
ran,0.000685248974245695
random,0.052164362296008876
rant,-0.498424478258516
rarely,-0.057069278107970495
rd,-0.1308962660246808
reach,-0.16469056530452023
react,-0.14077239832484004
read,0.0642860038461157
reading,-0.05818091213353532
ready,-0.38033930539218624
real,0.2729476357810938
reality,-0.17688753844100638
realize,-0.193822186045245
realized,-0.6227479868479634
really,-0.464066364700492
reason,-0.6871942972663933
reasons,-0.08277805842665827
recent,-0.17069584047107375
recently,-0.4584954736604004
red,-0.2573777766453584
redd,0.29167616380697065
reddit,-0.5528758971617813
refuse,-0.11183272090238089
refused,-0.06575677174144898
regret,-0.12047970813637954
regular,-0.12664084464135708
related,-0.2220870992636022
relationship,-0.09764229223775972
relax,-0.1608241390782419
remember,0.26463307188127305
remind,-0.049305976353975794
rent,-0.27217573413995433
report,-0.02173575514535687
repost,0.40913029232435555
repostsleuthbot,0.452098834211705
required,-0.14709925069412155
respect,-0.3594550091246179
respond,-0.554377064673878
responsibility,-0.031165493515224258
responsible,-0.1994397309564329
rest,-0.1793622156752553
restaurant,-0.0724423151637556
review,-0.25132579313949416
ride,-0.22076646466518382
ridiculous,-0.0026867483428851062
right,-1.0218501976499457
ring,0.054348337208738884
rip,-0.20227580604634565
rn,-0.1344371865710402
room,-1.1869320815199706
roommates,-0.0003435292623156532
rude,-0.251543501807535
ruin,-0.7350217758360101
ruined,-0.6975801766541402
rules,-0.43848250281648504
run,-0.059949183790533614
sad,-0.34411096248857287
safe,0.264250354645477
said,-1.4519699369206798
sake,-0.34315665244787347
salary,-0.07908825898271026
sat,-0.10801973491262022
save,-0.2514460890281156
saw,-0.026456983869967015
say,-1.2506461462177036
saying,-0.5335113156488428
says,-0.5007275790127829
scared,-0.026523288196752825
schedule,-0.05297071660168991
school,-0.4714960649151521
science,-0.04690529241625136
scream,-0.3071879889341199
screaming,-0.15310463287324794
screen,-0.13953686737225546
screw,-0.20120914960140285
search,0.4475324331594318
seat,-0.3957316027358986
second,-0.3442753662378393
seconds,-0.26902502843265863
seeing,-0.1588909953794294
seen,0.41073514074400347
self,-0.16311239870193692
selfish,-0.265271121155812
selling,-0.17053129341692141
send,0.05468020131829708
sending,0.3255949112451991
senior,-0.34230503643199334
sense,-0.02455353343255628
sent,-0.43121562163743904
seriously,-0.4057167385926984
served,-0.17746866228163688
service,-0.07827334978025591
set,0.33734647204766394
sex,0.11304429753214315
share,-0.07523570474262649
sharing,0.4552763522324636
shell,-0.22738567689050426
shes,-0.21947854393098595
shit,-2.080704506956127
shitty,-0.5748462547853153
short,0.10405602048527904
shouldn,-0.21542775820408266
shower,-0.09162820756422346
shows,-0.08771484042365997
shut,-0.5361101889894679
sick,-0.5602242658565787
silent,0.21938286657430173
similar,0.2420722840063013
simple,0.04848636701190577
simply,-0.15232708422693567
single,-0.3743434232246234
sister,-0.025530666542895875
sit,-0.06894561329346761
site,-0.2782809992594666
sitting,-0.04360432461324847
situation,-0.5229827548122596
size,0.13898101123363116
skin,-0.17086993600758577
sleep,-0.5012674750173669
sleeping,-0.16964758500864982
slightly,-0.22263400165836209
slowly,-0.200027889038206
small,0.06655430137636525
smart,-0.07682869153909995
smile,1.01983803690306
smiling,0.4170047537528788
smoke,-0.1397116213818544
smoking,-0.232431107800654
social,-0.3266113420242975
society,-0.27360143549312516
somebody,-0.26674503291034257
someday,0.03403314469749887
somewhat,-0.14117609377807921
son,-0.28002253629313123
song,-0.46967821065273935
soon,-0.24903659191939534
sorry,-0.1826424145605863
sort,-0.08805677730843611
sound,-0.24392560741979352
sounds,0.5269999995089263
spam,0.04620632540642199
speak,-0.49561997524701346
speaking,-0.3597730378965314
special,-0.06913295754589814
spend,-0.3405160468679224
spent,-0.10950178233843841
split,-0.08721861224723515
spoiled,-0.32120631437135433
spoiler,-0.37892187404745736
spot,-0.13488863915814753
spread,-0.045411582686546534
stairs,0.002707734179462969
stand,-0.5561691304638724
start,-0.4696901133333223
started,-0.278671030681742
starting,-0.04536090819088426
starts,-0.32324279656180827
state,0.3038401256206794
stay,-0.29638052257860636
staying,-0.058342983333993736
step,-0.33963433438123825
steps,0.45345275220767395
stop,-0.5527771457625882
stopped,-0.13110112635238746
store,-0.3469277974540466
story,-0.19455277025506945
straight,0.20279880821105822
stranger,-0.0023125532364561972
street,-0.0678561325970152
stress,-0.13574322484132736
strong,0.36709478898021647
stuck,-0.4014874782104651
student,-0.07445437514767568
students,-0.1335489254392111
study,-0.6015313951620023
studying,0.06398883567693327
stuff,-0.6241221138155354
stupid,-1.1924414786136526
sub,0.37664325472560867
subject,0.07303063919853488
success,0.23967053278232225
suck,-0.8520781338900902
sucks,-0.8479983890120634
sudden,-0.10251995122009684
suffer,-0.10216045749970439
suffering,-0.1677638043662815
suicide,-0.0545636606638768
summer,-0.12221741736436975
super,0.328714581455831
support,-0.20437045210423
supposed,-0.8043040150571987
sure,0.5127936333699766
surprised,-0.12163385530600147
swear,-0.22910182895669082
sweet,0.17732706820107216
taken,-0.20790964300425238
takes,-0.17758042036312804
taking,0.23813743942841173
talk,-0.3165896682027424
talked,-0.2202439690194449
talking,-0.3931516821700985
teach,0.08575574638845031
teacher,-0.4013751916427015
teachers,0.16117420336093216
team,-0.04939050975937978
tears,-0.0239797964598164
teenagers,-0.14658139897015293
teeth,-0.32484543332973814
tell,-0.6965287787516722
telling,-0.45012443955987835
tells,-0.3492693740282697
terrible,-0.027676079263289556
test,0.3845575729963154
tests,0.02768199834346245
text,-0.600104972502719
texted,-0.08347890142577179
texts,-0.15532584330729754
th,0.07994956736964241
thank,1.9797485077877477
thanks,0.6955560904420417
thats,-0.24306739147565776
therapy,0.3989126915372395
theres,-0.322141616964058
thing,-1.0080522340889309
things,-0.38997897961396033
think,-0.5899357255388474
thinking,-0.5284838787541694
thinks,-0.2572620922120178
thought,-0.21888801629751484
thoughts,-0.12746982478084226
threw,-0.17302163339361212
throw,-0.05845892565603905
throwing,-0.20540164708289765
tickets,0.088527435475861
till,-0.002354728439266129
time,-0.437657002682993
times,0.16971720391425407
tired,-0.5475926498342746
title,-0.0969584036236011
today,-0.5831695178505741
told,-1.0758107890096722
tomorrow,-0.3694601026743799
tonight,-0.24950341870284704
tons,-0.1699150032419206
took,-0.23348667927743358
topic,-0.13418948935835
totally,0.17063021559420663
tough,0.21513062328496832
town,0.13746988403076188
toxic,-0.3264758151984187
trade,0.6465732058605168
train,-0.37309668145130975
trash,-0.28748856196613276
treat,-0.33345751567234383
treated,-0.07262739358998188
treats,0.014712485909966667
tried,-0.26943971453398596
tries,-0.07609365130168197
trip,-0.22492098863184512
trouble,-0.06866655795171459
true,-0.14341418637569486
truly,0.25190916527263507
trust,-0.0785590946017174
try,-0.7380502295081783
trying,-0.5672108848920077
turn,-0.48917974203653636
turned,-0.20036328618365964
turns,-0.09480230913151065
tv,-0.6084488732859676
twice,-0.4151338486516143
type,0.004897851676274341
typing,-0.16585738369824093
ugh,0.06943559603294669
ugly,-0.296051922153504
uncle,-0.1408870213271439
understand,-0.552433708227647
union,0.5802933821808584
universe,-0.16135336385658158
university,0.0013102836177777352
unless,-0.6510625858437996
unlike,-0.08037798236394716
upset,-0.5412764928358019
ur,-0.7236731438836165
use,-0.5457199792421019
used,-0.7120937632168873
useless,-0.17010361006249974
using,-0.5104024532688717
usual,-0.13735602153080234
usually,-0.16820494524153892
vacation,-0.1687486809681194
van,-0.3415574023422272
ve,-0.5662355927694199
vent,-0.2509385556040298
video,-0.43574857475790335
videos,-0.25541444627793347
view,0.17747410723892945
violent,-0.44485316428304644
visit,0.11605919189488453
voice,0.02768129277292873
wait,-0.45533035435233166
waited,0.007809930779438179
waiting,-0.24888833707832525
wake,-0.048611706908381
walk,0.062361134458388194
walked,-0.30858211927825746
walking,-0.22739057591691042
walks,-0.14185322119051322
wall,-0.17034474797689042
wanna,-0.7385247205782447
want,-1.3943586661543665
wanted,-0.5884506569982151
wanting,-0.0254317187850761
wants,-0.3269067364157703
wash,-0.2207920310590778
wasn,-0.26581347662195465
wasnt,-0.032914291857832824
waste,-0.16674794652618008
wasting,-0.25268774177656134
watch,-0.6074663966543653
watching,-0.4655202234477245
water,-0.34668053154179457
way,-0.26496849958805785
ways,-0.211522582529435
weak,-0.4337780953837797
wear,-0.15597066311412777
wearing,-0.003990082465211324
website,-0.054797370445855344
weed,-0.3274898368439277
week,-0.6065626411726815
weekend,-0.008400784394586348
weeks,-0.32603017848334903
weight,0.007761234885969426
weird,0.13762580972110794
welcome,0.756612109040197
went,-0.7479537700593817
weren,-0.09435720927908738
whats,-0.1833390933893927
white,-0.20849238620711685
wife,-0.4636576574014233
win,-0.09749213997427629
wish,-0.35664826599635197
woke,-0.12608594806840434
woman,-0.40488971699057463
women,-0.13541734885101137
won,-0.5518373021965947
wonder,-0.06515826406613187
wonderful,0.8185327621999327
wont,-0.5406327143889834
word,-0.314700359798097
words,-0.8578473925415454
work,0.10019751702825998
worked,-0.20966538040106866
worker,-0.37217681848147643
working,-0.8307260580296518
works,0.32428587787615765
world,-0.6690364643949301
worried,0.141029765321171
worry,0.06004690952905807
worse,-0.2701775319818351
worst,-0.08426121654830836
worth,0.1590337395955914
wouldn,-0.04405812215834576
wow,0.4357724050018088
write,-0.21614993829692983
writing,-0.05119766325294813
wrong,-0.5029776150689768
wtf,-0.8232632710051698
www,0.08721987280579
yea,0.5617543500607849
yeah,0.9822573228502611
year,-0.05688885172064808
years,0.20492656498350345
yell,0.12668407352182232
yelled,-0.14934700877722618
yelling,-0.11963971883864866
yells,-0.11754832346175348
yes,0.3805288272266318
yesterday,-0.2882403192109092
yo,0.06868951536959791
young,-0.3162229922315709
younger,-0.07565982984051685
youre,-0.2747179212434981
youtube,-0.0685555701612898
zero,0.022765119073370383
